{
  "version": 1,
  "author": "TTS Project",
  "editor": "wokwi",
  "parts": [
    { "type": "wokwi-pi-pico", "id": "pico", "top": 0, "left": 0, "attrs": {} },
    { "type": "wokwi-lcd1602", "id": "lcd1", "top": 200, "left": -100, "attrs": { "pins": "i2c" } },
    { "type": "wokwi-buzzer", "id": "bz1", "top": 100, "left": 250, "attrs": {} },
    { "type": "wokwi-led", "id": "led1", "top": 50, "left": 300, "attrs": { "color": "green" } },
    { "type": "wokwi-led", "id": "led2", "top": 90, "left": 300, "attrs": { "color": "blue" } }
  ],
  "connections": [
    [ "pico:GP0", "lcd1:SDA", "green", [ "v0" ] ],
    [ "pico:GP1", "lcd1:SCL", "blue", [ "v0" ] ],
    [ "pico:3V3", "lcd1:VCC", "red", [ "v0" ] ],
    [ "pico:GND.8", "lcd1:GND", "black", [ "v0" ] ],
    [ "pico:GP15", "bz1:1", "purple", [ "v0" ] ],
    [ "pico:GND.3", "bz1:2", "black", [ "v0" ] ],
    [ "pico:GP16", "led1:A", "green", [ "v0" ] ],
    [ "pico:GND.4", "led1:C", "black", [ "v0" ] ],
    [ "pico:GP17", "led2:A", "blue", [ "v0" ] ],
    [ "pico:GND.5", "led2:C", "black", [ "v0" ] ]
  ],
  "dependencies": {}
}